{"root":[{"assemblyName":"Unity.InputSystem","nameSpace":"UnityEngine.InputSystem","className":"InputSystem","methodName":"RunInitializeInPlayer","loadTypes":4,"isUnityClass":true},{"assemblyName":"Unity.InputSystem","nameSpace":"UnityEngine.InputSystem","className":"InputSystem","methodName":"RunInitialUpdate","loadTypes":1,"isUnityClass":true},{"assemblyName":"Unity.VisualScripting.Core","nameSpace":"Unity.VisualScripting","className":"RuntimeVSUsageUtility","methodName":"RuntimeInitializeOnLoadBeforeSceneLoad","loadTypes":1,"isUnityClass":true},{"assemblyName":"OdinSerializer","nameSpace":"OdinSerializer","className":"UnitySerializationInitializer","methodName":"InitializeRuntime","loadTypes":1,"isUnityClass":false},{"assemblyName":"OdinSerializer","nameSpace":"OdinSerializer.Utilities","className":"UnityVersion","methodName":"EnsureLoaded","loadTypes":1,"isUnityClass":false},{"assemblyName":"Unity.2D.Animation.Runtime","nameSpace":"","className":"$BurstDirectCallInitializer","methodName":"Initialize","loadTypes":2,"isUnityClass":true}]}
